{
  "project_info": {
    "project_number": "26239838328",
    "firebase_url": "https://chatapplication-3fc6e.firebaseio.com",
    "project_id": "chatapplication-3fc6e",
    "storage_bucket": "chatapplication-3fc6e.appspot.com"
  },
  "client": [
    {
      "client_info": {
        "mobilesdk_app_id": "1:26239838328:android:c385c308798ec569",
        "android_client_info": {
          "package_name": "com.example.vikasgajjar.chatapp"
        }
      },
      "oauth_client": [
        {
          "client_id": "26239838328-ss2rj8pl3s65nb9ll9t4k4r1pvjpv00h.apps.googleusercontent.com",
          "client_type": 1,
          "android_info": {
            "package_name": "com.example.vikasgajjar.chatapp",
            "certificate_hash": "a0c4be6cedd0bbc0d2b70b91b089f667d2d7b115"
          }
        },
        {
          "client_id": "26239838328-hpeiend5o557u10l6vkqsc8775r5u349.apps.googleusercontent.com",
          "client_type": 3
        },
        {
          "client_id": "26239838328-hpeiend5o557u10l6vkqsc8775r5u349.apps.googleusercontent.com",
          "client_type": 3
        }
      ],
      "api_key": [
        {
          "current_key": "AIzaSyDyTQ3bU9UelmaAr8xxz-UVqEcuaPM3hGY"
        }
      ],
      "services": {
        "analytics_service": {
          "status": 1
        },
        "appinvite_service": {
          "status": 2,
          "other_platform_oauth_client": [
            {
              "client_id": "26239838328-hpeiend5o557u10l6vkqsc8775r5u349.apps.googleusercontent.com",
              "client_type": 3
            }
          ]
        },
        "ads_service": {
          "status": 2
        }
      }
    }
  ],
  "configuration_version": "1"
}